X Feature,r,r²,p-val,std-dev
GAMING_BELIEF,0.3077280344428731,0.0946965431820741,0.33053019962019936,0.90033663737852
