X Feature,r,r²,p-val,std-dev
GAMING_BELIEF,0.46363053289018546,0.21495327102803735,0.12898289006825725,0.90033663737852
