X Feature,r,r²,p-val,std-dev
GAMING_BELIEF,0.10078924628047509,0.010158472165786261,0.7552929535767923,0.90033663737852
