X Feature,r,r²,p-val,std-dev
GAMING_BELIEF,0.6446149213575557,0.41552839683680776,0.023639828739178227,0.90033663737852
