X Feature,r,r²,p-val,std-dev
GAMING_BELIEF,0.01058195822229262,0.0001119778398183464,0.9317481267128592,0.9695767203688931
