X Feature,r,r²,p-val,std-dev
GAMING_BELIEF,0.20080305639594412,0.040321867457952715,0.10060324627101894,0.9695767203688931
