X Feature,r,r²,p-val,std-dev
GAMING_BELIEF,0.1560465984622676,0.024350540891644176,0.20382216455934737,0.9695767203688931
