X Feature,r,r²,p-val,std-dev
GAMING_BELIEF,0.31017168784309523,0.09620647593943452,0.01004877828082134,0.9695767203688931
